{"cameraMode":{"drawMode":0,"name":"Shaded","section":"Shading Mode"},"sceneLighting":true,"audioPlay":false,"sceneViewState":{"m_AlwaysRefresh":false,"showFog":true,"showSkybox":true,"showFlares":true,"showImageEffects":true,"showParticleSystems":true,"showVisualEffectGraphs":true,"m_FxEnabled":true},"in2DMode":false,"pivot":{"x":3.2573728561401369,"y":5.966175079345703,"z":13.550117492675782},"rotation":{"x":-0.3342464566230774,"y":0.004804277326911688,"z":-0.0017037030775099993,"w":-0.9424735903739929},"size":35.160888671875,"orthographic":false}